INSERT INTO loyalty (grade, dc_rate) VALUES
('basic', '0%'),
('VIP', '10%');

INSERT INTO person (customer_id, name, address, level, phone_num) VALUES
('C0000001', 'baek', '12 Gangnam-daero', 'basic', '010-1234-5678'),
('C0000002', 'kim', '88 Hongdae-ro', 'VIP', '010-9876-5432'),
('C0000003', 'kim', '25 Suwon-ro', 'VIP', '010-2468-1357'),
('C0000004', 'jung', '7 Haeundae-ro', 'VIP', '10-1111-2222'),
('C0000005', 'byeon', '39 Jeju Jungang-ro', 'basic', '010-4321-8765'),
('C0000006', 'lee', '15 Dunsan-daero', 'basic', '010-5555-6666'),
('C0000007', 'lee', '63 Bupyeong-ro', 'VIP', '010-3698-1472'),
('C0000008', 'park', '41 Dongseong-ro', 'basic', '010-0001-9999'),
('C0000009', 'choi', null, null, '010-2222-3333'),
('C0000010', 'yoon', null, 'basic', '010-4444-5555');

INSERT INTO store (store_id, name, address, open, close, owner_type, phone_num) VALUES
('S0000001', 'SmileMart', '123 Gangnam-daero', '00:00:00', '23:59:59', 'franchise', '02-123-4567'),
('S0000002', 'Happy24', '77 Suwon-ro', '00:00:00', '23:59:59', 'franchise', '031-987-6543'),
('S0000003', 'GreenShop', '55 Haeundae-ro', '06:00:00', '23:59:59', 'corporate', '051-246-8100'),
('S0000004', 'EzMart', '88 Dongseong-ro', '06:00:00', '22:00:00', 'franchise', '053-333-1212'),
('S0000005', 'SeoulMinis', '101 Chungjang-ro', '06:00:00', '23:59:59', 'corporate', '062-777-8888'),
('S0000006', 'TownMart', '106 Chungjang-ro', '00:00:00', '23:59:59', 'franchise', null),
('S0000007', 'Nara24', '22 Apgujeong-ro', null, null, 'corporate', '02-000-1111'),
('S0000008', 'QuickMart', '35 Suwon-daero', null, null, null, null),
('S0000009', 'HanaroMart', '11 Bupyeong-ro', null, null, 'franchise', '032-333-4444'),
('S0000010', 'YonginShop', '99 Yongin-daero', '06:00:00', '21:00:00', null, null);

INSERT INTO product (product_upc, name, price, type, brand, size) VALUES
('P0000001', 'choco_pie', 500, 'snack', 'orion', 'small'),
('P0000002', 'ramen_spicy', 900, 'ramen', 'ottuki', 'medium'),
('P0000003', 'ramen_mild', 900, 'ramen', 'ottuki', 'medium'),
('P0000004', 'pepero', 1200, 'snack', 'lotte', 'medium'),
('P0000005', 'maxim_coffee', 500, 'coffee', 'nongshim', 'small'),
('P0000006', 'samdasoo', 1000, 'water', 'lotte', 'medium'),
('P0000007', 'yogurt_jelly', 1200, 'snack', 'lotte', 'small'),
('P0000008', 'honeybutter_chip', 2500, 'snack', 'nongshim', 'medium'),
('P0000009', 'swing_chip', 2000, 'snack', 'nongshim', 'medium'),
('P0000010', 'cup_ramen', 1500, 'ramen', 'nongshim', 'big'),
('P0000011', 'fresh', 2000, 'drink', 'orion', 'big'),
('P0000012', 'jinro', 2000, 'drink', 'orion', 'big'),
('P0000013', 'sbuck_latte', 1400, 'coffee', 'starbucks', 'medium'),
('P0000014', 'vanila_latte', 1600, 'coffee', 'orion', 'medium');

INSERT INTO vendor (vendor_id, name, address, email) VALUES
('V0000001', 'Hansung Foods', '25 Ilsan-ro', 'hansung@kmail.com'),
('V0000002', 'K-Market Supply', '55 Songdo-ro', 'kmart@naver.com'),
('V0000003', 'Seoul Goods Co', '101 Guro-dong', 'seoulco@hanmail.net'),
('V0000004', 'Daehan Traders', '12 Daedeok-daero', 'daehan@bizmail.kr'),
('V0000005', 'Freshone Korea', '88 Sasang-ro', null),
('V0000006', 'KFood Partner', '19 Bundang-ro', 'kfoodpartner@outlook.com'),
('V0000007', 'Jeju Logistics', '77 Jeju Jungang-ro', null),
('V0000008', 'Bada Trading', '34 Haeundae-ro', 'bada_trade@naver.com'),
('V0000009', 'Seongnam Wholesale', '2 Moran-ro', 'sn_wholesale@bizmail.net'),
('V0000010', 'Nongshim Supply', '48 Noryangjin-ro', 'nongshim_supply@kmail.com');

INSERT INTO factory (factory_id, name, address, email) VALUES
('F0000001', 'Daehan Foods', '21 Oksan-ro', 'daehan@food.kr'),
('F0000002', 'QuickMeal Factory', '88 Gasan-dong', 'quickmeal@biz.kr'),
('F0000003', 'Onnuri F&B', '47 Jisa-ro', 'onnuri@fnb.co.kr'),
('F0000004', 'Jinhan Lunch Co.', '30 Naepo-ro', 'jinhan@meal.kr'),
('F0000005', 'Hansik Readymeal', '15 Gajwa-ro', 'hansik@plant.kr'),
('F0000006', 'Seoul Meal Plant', '102 Gwangnaru-ro', 'seoulmeal@factory.kr'),
('F0000007', 'FreshMart Kitchen', '77 Yatap-daero', null),
('F0000008', 'Hansung Mealworks', '11 Anyangcheon-ro', 'hansung@food.co.kr'),
('F0000009', 'Jeju Food Base', '9 Jeju Jungmun-ro', null),
('F0000010', 'Gyeongin Prep Foods', '66 Gyesan-ro', 'giprep@mealhub.kr');

INSERT INTO store_storage (store_id, product_upc, inventory, threshold, reorder) VALUES
('S0000001', 'P0000001', 50, 20, 200),
('S0000001', 'P0000002', 30, 20, 100),
('S0000001', 'P0000003', 45, 20, 150),
('S0000001', 'P0000006', 20, 40, 200),
('S0000002', 'P0000005', 13, 10, 50),
('S0000002', 'P0000007', 36, 20, 100),
('S0000002', 'P0000013', 21, 10, 50),
('S0000003', 'P0000001', 26, 30, 100),
('S0000003', 'P0000014', 25, 10, 30),
('S0000004', 'P0000002', 30, 50, 200),
('S0000004', 'P0000006', 42, 30, 100),
('S0000004', 'P0000009', 15, 20, 50),
('S0000004', 'P0000011', 6, 20, 80),
('S0000004', 'P0000014', 40, 30, 60),
('S0000005', 'P0000003', 32, 20, 80),
('S0000005', 'P0000006', 56, 30, 100),
('S0000005', 'P0000010', 32, 20, 50),
('S0000005', 'P0000013', 22, 10, 20),
('S0000006', 'P0000003', 15, 40, 60),
('S0000006', 'P0000006', 23, 20, 40),
('S0000006', 'P0000010', 48, 30, 60),
('S0000006', 'P0000013', 68, 50, 80),
('S0000010', 'P0000006', 25, 10, 20),
('S0000010', 'P0000010', 42, 30, 60),
('S0000010', 'P0000013', 18, 15, 30),
('S0000010', 'P0000004', 67, 40, 80);

INSERT INTO store_request (request_id, date, shipping_mean, status, store_id, product_upc, vendor_id) VALUES
('SR000001', '2025-01-03', 'truck', 'delivered', 'S0000001', 'P0000002', 'V0000001'),
('SR000002', '2025-01-13', 'truck', 'delivered', 'S0000002', 'P0000005', 'V0000004'),
('SR000003', '2025-01-15', 'van', 'delivered', 'S0000004', 'P0000006', 'V0000002'),
('SR000004', '2025-01-19', 'truck', 'delivered', 'S0000004', 'P0000011', 'V0000001'),
('SR000005', '2025-01-27', 'van', 'delivered', 'S0000002', 'P0000013', 'V0000003'),
('SR000006', '2025-02-01', 'van', 'delivered', 'S0000004', 'P0000009', 'V0000001'),
('SR000007', '2025-02-08', 'van', 'delivered', 'S0000005', 'P0000006', 'V0000002'),
('SR000008', '2025-02-10', 'truck', 'delivered', 'S0000001', 'P0000002', 'V0000005'),
('SR000009', '2025-02-11', 'van', 'delivered', 'S0000002', 'P0000013', 'V0000001'),
('SR000010', '2025-02-16', 'truck', 'delivered', 'S0000005', 'P0000006', 'V0000003'),
('SR000011', '2025-03-04', 'truck', 'delivered', 'S0000001', 'P0000001', 'V0000001'),
('SR000012', '2025-03-07', 'van', 'delivered', 'S0000004', 'P0000006', 'V0000002'),
('SR000013', '2025-03-16', 'van', 'delivered', 'S0000005', 'P0000013', 'V0000001'),
('SR000014', '2025-03-18', 'truck', 'delivered', 'S0000001', 'P0000003', 'V0000004'),
('SR000015', '2025-03-26', 'truck', 'delivered', 'S0000004', 'P0000011', 'V0000003'),
('SR000016', '2025-04-09', 'van', 'delivered', 'S0000001', 'P0000003', 'V0000002'),
('SR000017', '2025-04-18', 'truck', 'shipping', 'S0000004', 'P0000014', 'V0000005'),
('SR000018', '2025-04-20', 'truck', 'shipping', 'S0000001', 'P0000002', 'V0000004'),
('SR000019', '2025-05-08', 'van', 'checking', 'S0000005', 'P0000010', 'V0000001'),
('SR000020', '2025-05-23', 'truck', 'checking', 'S0000002', 'P0000007', 'V0000003');

INSERT INTO vendor_storage (vendor_id, product_upc, inventory, threshold, reorder) VALUES
('V0000001', 'P0000001', 532, 100, 1000),
('V0000001', 'P0000002', 468, 200, 2000),
('V0000001', 'P0000009', 621, 200, 1500),
('V0000001', 'P0000010', 752, 100, 1000),
('V0000001', 'P0000011', 122, 200, 2000),
('V0000001', 'P0000013', 236, 100, 500),
('V0000002', 'P0000006', 1235, 200, 3000),
('V0000002', 'P0000003', 255, 200, 1500),
('V0000003', 'P0000006', 126, 200, 2000),
('V0000003', 'P0000007', 286, 100, 500),
('V0000003', 'P0000011', 400, 200, 800),
('V0000003', 'P0000013', 500, 200, 1000),
('V0000004', 'P0000003', 426, 200, 1000),
('V0000004', 'P0000005', 1532, 200, 5000),
('V0000005', 'P0000002', 215, 300, 600),
('V0000005', 'P0000014', 450, 200, 1000),
('V0000006', 'P0000006', 1235, 200, 3000),
('V0000006', 'P0000002', 375, 300, 500),
('V0000008', 'P0000011', 300, 200, 700),
('V0000008', 'P0000014', 450, 200, 500),
('V0000008', 'P0000006', 1473, 200, 2000),
('V0000009', 'P0000002', 827, 200, 1500),
('V0000010', 'P0000011', 527, 200, 2000);

INSERT INTO vendor_request (request_id, date, shipping_mean, status, vendor_id, product_upc, factory_id) VALUES
('VR000001', '2025-01-01', 'truck', 'delivered', 'V0000001', 'P0000002', 'F0000002'),
('VR000002', '2025-01-25', 'truck', 'delivered', 'V0000002', 'P0000006', 'F0000001'),
('VR000003', '2025-02-14', 'truck', 'delivered', 'V0000003', 'P0000013', 'F0000003'),
('VR000004', '2025-02-15', 'van', 'delivered', 'V0000005', 'P0000002', 'F0000005'),
('VR000005', '2025-02-20', 'truck', 'delivered', 'V0000002', 'P0000003', 'F0000002'),
('VR000006', '2025-03-06', 'truck', 'delivered', 'V0000003', 'P0000013', 'F0000004'),
('VR000007', '2025-03-28', 'van', 'delivered', 'V0000005', 'P0000014', 'F0000003'),
('VR000008', '2025-04-17', 'truck', 'delivered', 'V0000001', 'P0000001', 'F0000001'),
('VR000009', '2025-05-19', 'truck', 'shipping', 'V0000003', 'P0000011', 'F0000008'),
('VR000010', '2025-05-22', 'truck', 'checking', 'V0000004', 'P0000005', 'F0000001');

INSERT INTO purchase (purchase_id, date, quantity, method, customer_id, store_id, product_upc) VALUES
('PC000001', '2025-01-02', 4, 'card', 'C0000002', 'S0000001', 'P0000003'),
('PC000002', '2025-01-05', 5, 'card', 'C0000005', 'S0000004', 'P0000002'),
('PC000003', '2025-01-18', 6, 'cash', 'C0000003', 'S0000005', 'P0000006'),
('PC000004', '2025-01-20', 7, 'card', 'C0000007', 'S0000005', 'P0000013'),
('PC000104', '2025-01-20', 5, 'card', 'C0000007', 'S0000005', 'P0000001'),
('PC000204', '2025-01-20', 3, 'card', 'C0000007', 'S0000005', 'P0000007'),
('PC000304', '2025-01-20', 3, 'card', 'C0000007', 'S0000005', 'P0000008'),
('PC000404', '2025-01-20', 6, 'card', 'C0000007', 'S0000005', 'P0000004'),
('PC000005', '2025-01-20', 2, 'card', 'C0000002', 'S0000002', 'P0000007'),
('PC000006', '2025-01-28', 1, 'card', 'C0000003', 'S0000003', 'P0000014'),
('PC000106', '2025-01-28', 3, 'card', 'C0000003', 'S0000003', 'P0000007'),
('PC000206', '2025-01-28', 10, 'card', 'C0000003', 'S0000003', 'P0000001'),
('PC000306', '2025-01-28', 2, 'card', 'C0000003', 'S0000003', 'P0000004'),
('PC000007', '2025-02-06', 5, 'card', 'C0000003', 'S0000004', 'P0000011'),
('PC000008', '2025-02-06', 6, 'cash', 'C0000003', 'S0000004', 'P0000014'),
('PC000108', '2025-02-06', 2, 'cash', 'C0000003', 'S0000004', 'P0000004'),
('PC000208', '2025-02-06', 3, 'cash', 'C0000003', 'S0000004', 'P0000007'),
('PC000308', '2025-02-06', 2, 'cash', 'C0000003', 'S0000004', 'P0000008'),
('PC000009', '2025-02-06', 2, 'card', 'C0000005', 'S0000005', 'P0000003'),
('PC000010', '2025-02-13', 9, 'card', 'C0000001', 'S0000005', 'P0000006'),
('PC000011', '2025-02-19', 1, 'cash', 'C0000010', 'S0000001', 'P0000001'),
('PC000012', '2025-02-26', 5, 'card', 'C0000007', 'S0000002', 'P0000005'),
('PC000112', '2025-02-26', 10, 'card', 'C0000007', 'S0000002', 'P0000001'),
('PC000212', '2025-02-26', 3, 'card', 'C0000007', 'S0000002', 'P0000007'),
('PC000312', '2025-02-26', 5, 'card', 'C0000007', 'S0000002', 'P0000004'),
('PC000412', '2025-02-26', 2, 'card', 'C0000007', 'S0000002', 'P0000006'),
('PC000013', '2025-03-03', 4, 'card', 'C0000002', 'S0000003', 'P0000014'),
('PC000113', '2025-03-03', 8, 'card', 'C0000002', 'S0000003', 'P0000001'),
('PC000213', '2025-03-03', 3, 'card', 'C0000002', 'S0000003', 'P0000007'),
('PC000313', '2025-03-03', 2, 'card', 'C0000002', 'S0000003', 'P0000004'),
('PC000413', '2025-03-03', 2, 'card', 'C0000002', 'S0000003', 'P0000006'),
('PC000014', '2025-03-03', 3, 'card', 'C0000002', 'S0000003', 'P0000001'),
('PC000015', '2025-03-12', 6, 'cash', 'C0000003', 'S0000004', 'P0000011'),
('PC000016', '2025-03-15', 7, 'card', 'C0000006', 'S0000005', 'P0000006'),
('PC000017', '2025-03-22', 8, 'card', 'C0000002', 'S0000001', 'P0000006'),
('PC000018', '2025-03-25', 2, 'card', 'C0000001', 'S0000002', 'P0000013'),
('PC000118', '2025-03-25', 5, 'card', 'C0000001', 'S0000002', 'P0000001'),
('PC000218', '2025-03-25', 3, 'card', 'C0000001', 'S0000002', 'P0000007'),
('PC000318', '2025-03-25', 2, 'card', 'C0000001', 'S0000002', 'P0000008'),
('PC000418', '2025-03-25', 3, 'card', 'C0000001', 'S0000002', 'P0000004'),
('PC000019', '2025-04-01', 6, 'cash', 'C0000007', 'S0000002', 'P0000007'),
('PC000020', '2025-04-01', 5, 'card', 'C0000007', 'S0000002', 'P0000013'),
('PC000120', '2025-04-01', 2, 'card', 'C0000007', 'S0000002', 'P0000004'),
('PC000220', '2025-04-01', 3, 'card', 'C0000007', 'S0000002', 'P0000007'),
('PC000320', '2025-04-01', 1, 'card', 'C0000007', 'S0000002', 'P0000008'),
('PC000021', '2025-04-01', 5, 'card', 'C0000007', 'S0000002', 'P0000005'),
('PC000022', '2025-04-10', 6, 'cash', 'C0000003', 'S0000005', 'P0000010'),
('PC000023', '2025-04-18', 3, 'card', 'C0000002', 'S0000002', 'P0000013'),
('PC000123', '2025-04-18', 3, 'card', 'C0000002', 'S0000002', 'P0000001'),
('PC000024', '2025-04-26', 1, 'card', 'C0000007', 'S0000004', 'P0000006'),
('PC000025', '2025-05-04', 5, 'cash', 'C0000002', 'S0000001', 'P0000003'),
('PC000026', '2025-05-07', 8, 'card', 'C0000003', 'S0000005', 'P0000006'),
('PC000027', '2025-05-09', 4, 'cash', 'C0000002', 'S0000001', 'P0000001'),
('PC000028', '2025-05-17', 2, 'card', 'C0000004', 'S0000003', 'P0000001'),
('PC000029', '2025-05-17', 6, 'card', 'C0000004', 'S0000003', 'P0000014'),
('PC000129', '2025-05-17', 2, 'card', 'C0000004', 'S0000003', 'P0000004'),
('PC000229', '2025-05-17', 2, 'card', 'C0000004', 'S0000003', 'P0000008'),
('PC000329', '2025-05-17', 5, 'card', 'C0000004', 'S0000003', 'P0000007'),
('PC000030', '2025-05-30', 4, 'card', 'C0000002', 'S0000005', 'P0000003');